Product;Price
MSI Radeon RX 7900 XT Gaming Trio Classic 20GB GDDR6;1312.8
Asus AMD Radeon RX 6600 DUAL 8GB GDDR6;376.82
PNY GeForce RTX 4060 Ti XLR8 Gaming VERTO 16GB GDDR6 DLSS3;567.74
Gigabyte GeForce GTX 1650 D6 WINDFORCE OC 4GB GDDR6;299.99
Asrock AMD Radeon RX 7900 XT Phantom Gaming OC Edition 20GB GDDR6;966.57
Zotac Gaming GeForce RTX 3070 Ti AMP Holo LHR 8GB GDDR6X;1351.24
EVGA GeForce RTX 3090 XC3 ULTRA GAMING 24GB GDDR6X;983.25
HP RTX A4000 16 GB GDDR6;1330.74
MSI GeForce RTX 3070 VENTUS 3X PLUS OC LHR 8 GB GDDR6;810.28
MSI GeForce RTX 3070 VENTUS 3X OC 8GB GDDR6;554.6
Asus TUF Gaming GeForce RTX 3080 Ti 12GB GDDR6X;1767.15
Acer Predator BiFrost Intel ARC A770 OC 16GB GDDR6;531.38
Gigabyte GeForce GTX 1660 Ti OC 6GB;511.01
Zotac Gaming GeForce RTX 3070 Ti Trinity OC LHR 8GB GDDR6X;1111.73
ASUS Dual GeForce RTX 3050 V2 OC Edition 8GB GDDR6;273.99
Zotac Gaming GeForce RTX 4070 Twin Edge 12GB GDDR6X DLSS3;679.0
MSI GeForce RTX 3070 Ti SUPRIM X 8GB GDDR6X;1039.9
ASUS GeForce RTX 2060 Dual OC EVO Edition 6GB GDDR6;506.02
Asus Dual GeForce RTX 3060 OC Edition V2 12GB GDDR6;321.99
ASUS TUF Gaming Radeon RX 7700 XT OC Edition 12GB GDDR6;623.98
Zotac Gaming GeForce RTX 4080 AMP EXTREME AIRO 16GB GDDR6X DLSS3;1653.11
PNY GeForce RTX 3060 VERTO Dual Fan LHR 12GB GDDR6;506.13
Asus Dual GeForce RTX 2060 EVO 6GB GDDR6;474.27
PowerColor Fighter AMD Radeon RX 6500XT 4GB GDDR6;224.53
MSI GeForce GTX 1650 D6 VENTUS XS OCV1 4GB GDDR6;232.9
Gigabyte Radeon RX 6900 XT GAMING OC 16GB GDDR6;1591.12
Gigabyte AORUS Radeon RX 6900 XT MASTER 16GB GDDR6;1710.72
MSI AMD Radeon RX 6900 XT GAMING X TRIO 16GB GDDR6;1762.2
HP Nvidia Quadro T400 2GB GDDR6;289.03
Gainward GeForce RTX 3060 Ghost 12GB GDDR6;383.29
Asus TUF Gaming GeForce GTX 1650 4 GB GDDR6;243.47
Gigabyte AMD Radeon RX 7800 XT GAMING OC 16GB GDDR6;619.14
Zotac Gaming GeForce RTX 3050 Twin Edge OC LHR 8GB GDDR6;365.0
MSI GeForce RTX 4070 Ti SUPRIM X 12GB GDDR6X DLSS3;1234.91
EVGA GeForce GTX 1660 SUPER SC ULTRA GAMING 6GB GDDR6;386.47
Asus TUF Gaming GeForce GTX 1650 4GB GDDR6;243.47
PowerColor AMD Radeon RX 6800 Fighter 16GB GDDR6;436.9
ASUS ProArt GeForce RTX 4070 Ti OC 12GB GDDR6X DLSS3;1054.74
MSI GeForce RTX 3080 Ti VENTUS 3X 12GB GDDR6X;742.55
Zotac Gaming GeForce RTX 3060 Twin Edge LHR 12GB GDDR6;319.98
Asus GeForce GTX 1650 Dual 4GB GDDR5;226.77
Zotac Gaming GeForce RTX 4070 Trinity 12GB GDDR6X DLSS3;970.85
PowerColor AMD Radeon RX 6800 Red Dragon 16GB GDDR6;570.05
PNY Nvidia Quadro RTX 4000 8GB GDDR6 DLSS3;1078.08
Lenovo NVIDIA T1000 4 GB GDDR6;614.66
PowerColor Red Devil AMD Radeon RX 7900 XTX 24GB GDDR6;1412.54
Gigabyte GeForce RTX 3060 WINDFORCE OC 12GB GDDR6 Rev 2;328.99
PNY Nvidia Quadro RTX A6000 48GB GDDR6;7433.34
Gigabyte Radeon RX 6600 XT GAMING OC PRO 8GB GDDR6;687.03
Inno3D GeForce RTX 3080 iChill X4 LHR 10GB GDDR6X;617.0
Gigabyte GeForce RTX 3090 EAGLE 24GB GDDR6X;1058.95
Inno3D iChill X4 GeForce RTX 3080Ti 12GB GDDR6X;1117.99
Asus Phoenix Radeon RX 550 4GB GDDR5;107.99
PNY GeForce RTX 4080 XLR8 Gaming VERTO EPIC-X RGB Triple Fan 16GB GDDR6X DLSS3;1629.9
Asus TUF GAMING Radeon RX 6800 OC 16GB GDDR6;760.14
Gigabyte GeForce RTX 4060 AERO OC 8GB GDDR6 DLSS3;486.13
XFX SPEEDSTER MERC319  AMD Radeon RX 6800 XT CORE 16GB GDDR6;516.65
ASUS TUF Gaming GeForce RTX 3070 V2 OC Edition LHR 8GB GDDR6;734.67
Gigabyte GeForce RTX 4070 Ti WINDFORCE OC 12GB GDDR6X;969.0
Asus GeForce GTX 1660 SUPER OC Dual 6GB GDDR6;562.45
ASUS TUF Gaming GeForce GTX 1650 V2 OC Edition 4GB GDDR6;224.9
MSI GeForce RTX 3050 VENTUS 2X XS OC 8GB GDDR6;239.99
MSI AMD Radeon RX 7600 MECH 2X CLASSIC OC 8GB GDDR6;360.99
Sapphire NITRO+ AMD Radeon RX 7800 XT GAMING 16GB GDDR6;659.9
Zotac Gaming Geforce RTX 3060 Twin Edge 8GB GDDR6;411.87
PNY GeForce RTX 4060 XLR8 Gaming VERTO EPIC-X RGB OC Triple Fan 8GB GDDR6 DLSS3;402.43
PNY QUADRO T1000 4GB GDDR6 Low Profile;408.35
Inno3D GeForce RTX 3080 Ti iChill X3 12GB GDDR6X;1735.99
PNY Nvidia Tesla P40 24GB GDDR5;10029.38
Asus ROG Strix GeForce RTX 3090 Gaming OC 24GB GDDR6X;2233.63
PowerColor Fighter AMD Radeon RX 6650 XT 8GB GDDR6;321.48
MSI GeForce RTX 3070 SUPRIM LHR 8GB GDDR6;490.85
MSI AMD Radeon RX 6500 XT MECH 2X OC 4GB GDDR6;278.75
Zotac Gaming GeForce RTX 4070 Ti AMP AIRO Spider-Man Cruzando el Multiverso Bundle 12 GB GDDR6X DLSS3;996.24
Asus TUF GeForce RTX 3080 OC 10GB GDDR6X;905.5
MSI GeForce RTX 3080 VENTUS 3X PLUS OC LHR 10GB GDDR6X;989.9
MSI GeForce RTX 4090 GAMING X SLIM 24GB GDDR6X DLSS3;2286.69
Gigabyte GeForce RTX 4060 Ti AERO OC 8GB GDDR6 DLSS3;489.9
MSI GeForce RTX 3070 GAMING Z TRIO LHR 8GB GDDR6;819.9
Inno3D GeForce RTX 4090 ICHILL X3 24GB GDDR6X DLSS3;2453.21
Gigabyte GeForce RTX 3060 Ti GAMING OC PRO 8 GB GDDR6 Rev 3.0;701.4
MSI AMD Radeon RX 6600 MECH 2X 8GB GDDR6;299.9
Gigabyte RTX 3090 Vision OC 24GB GDDR6X;1734.2
Asus GeForce GT 730 2GB GDDR5;102.51
MSI GeForce RTX 4070 Ti GAMING X SLIM White Edition 12GB GDDR6 DLSS3;969.0
PNY GeForce RTX 4070 Ti Verto LED Triple Fan 12GB GDDR6X DLSS3;950.15
PNY GeForce RTX 4060 Ti VERTO OC Dual Fan 16GB GDDR6 DLSS3;565.46
EVGA GeForce RTX 3080 FTW3 ULTRA GAMING 12GB GDDR6X;971.45
ASUS ROG Strix GeForce RTX 4070 Ti OC 12GB GDDR6X DLSS3;1242.71
Inno3D iCHILL X3 GeForce RTX 4060 Ti 8GB GDDR6 DLSS 3;509.04
MSI GeForce RTX 3070 SUPRIM X LHR 8GB GDDR6;844.9
PowerColor Red Devil AMD Radeon RX 6700 XT 12GB GDDR6;479.6
Zotac GAMING GeForce RTX 3070 AMP Holo LHR 8 GB GDDR6;501.35
Zotac Gaming GeForce RTX 3060 Ti AMP White Edition LHR 8GB GDDR6;907.48
Inno3D GeForce RTX 4070 TWIN X2 12GB GDDR6X DLSS3;682.65
Gigabyte GeForce RTX 4070 Ti AERO OC V2 12GB GDDR6X DLSS3;1040.35
Gigabyte GeForce RTX 3050 WINDFORCE OC 8GB GDDR6;249.99
Gigabyte GeForce RTX 4060 Ti AERO OC 16GB GDDR6 DLSS3;538.99
ASUS Dual GeForce GTX 1650 V2 OC Edition 4GB GDDR6;193.4
EVGA GeForce RTX 3070 Ti XC3 ULTRA GAMING LHR 8GB GDDR6X;961.92
MSI GeForce RTX 4090 GAMING X TRIO 24GB GDDR6X DLSS3;2299.0
Sapphire Pulse AMD Radeon RX 6500XT GAMING OC 4GB GDDR6;254.45
MSI GeForce RTX 4060 Ti VENTUS 2X BLACK OC 16GB GDDR6 DLSS3;509.0
ASUS TUF Gaming GeForce RTX 4060 Ti OC Edition 8GB GDDR6 DLSS3;559.9
ASUS Dual GeForce GTX 1650 OC Edition EVO 4GB GDDR6;180.58
PowerColor Red Devil AMD Radeon RX 6650XT 8GB GDDR6;340.14
Zotac GAMING GeForce RTX 3070 Ti AMP Extreme Holo LHR  8 GB GDDR6X;831.95
Palit GeForce RTX 3060 Ti Dual 8GB GDDR6;1135.22
AsRock AMD Radeon RX 6700 XT Challenger Pro OC 12GB GDDR6;519.55
MSI GeForce RTX 3060 Ti GAMING X TRIO 8GD6X 8GB GDDR6X;738.98
Inno3D GeForce RTX 4070 Ti X3 12GB GDDR6X DLSS3;933.81
MSI GeForce RTX 3060 GAMING Z TRIO 12GB GDDR6;582.89
Biostar GeForce 210 1GB DDR3 Low Profile;40.93
EVGA GeForce RTX 3060 XC GAMING 12GB GDDR6;643.57
Gigabyte AORUS GeForce RTX 3090 XTREME WATERFORCE WB 24GB GDDR6X;1081.05
Gigabyte Radeon RX 6800 GAMING OC 16GB GDDR6;1072.0
Gigabyte AORUS GeForce RTX 3070 MASTER 8GB GDDR6 Rev 2.0;992.63
Gigabyte GeForce RTX 3070 EAGLE OC LHR 8GB GDDR6 REV 2.0;715.63
EVGA GeForce RTX 3070 FTW3 ULTRA GAMING LHR 8GB GDDR6;482.85
Asus TUF GeForce RTX 3090 Gaming 24GB GDDR6X;2156.96
PNY GeForce RTX 4060 Ti VERTO Dual Fan 8GB GDDR6 DLSS3;470.64
ASUS TUF Gaming GeForce RTX 4080 16GB GDDR6X DLSS3;1739.2
Sapphire NITRO+ AMD Radeon RX 7700 XT GAMING 12GB GDDR6;588.49
ASUS GeForce GT 710 2GB GDDR3 EVO Low Profile;56.99
MSI GeForce GTX 1650 D6 VENTUS XS OC 4GB GDDR6;271.24
Gigabyte GeForce RTX 3060 Gaming OC 8GB GDDR6 Rev. 2.0;324.23
MSI RX 6600 XT MECH 2X OCV1 8GB GDDR6;353.92
ASUS Dual GeForce RTX 3050 OC Edition 8GB GDDR6;389.81
Zotac Gaming GeForce RTX 3090 ArcticStorm LHR 24GB GDDR6X;1514.0
ASUS Dual RTX 4060 V2 OC Edition 8GB GDDR6 DLSS3;375.52
Palit GeForce RTX 4070 Ti GamingPro White OC 12GB GDDR6X DLSS3;1140.94
MSI GeForce RTX 4070 VENTUS 2X WHITE OC 12GB GDDR6 DLSS3;763.59
ASUS ProArt GeForce RTX 4060 Ti OC Edition 16 GB GDDR6 DLSS3;626.15
Zotac GeForce RTX 4060 Ti Twin Edge OC 8GB GDDR6 DLSS3;489.84
Gigabyte GeForce RTX 3060 WINDFORCE OC 12GB GDDR6;459.9
Gigabyte GeForce RTX 3080 GAMING OC 12GB GDDR6;1354.35
Lenovo A2000 Nvidia RTX A2000 6GB GDDR6 con Bracket de HP;786.29
MSI GeForce GTX 1650 D6 AERO ITX OC 4GB GDDR6;243.57
PNY Nvidia RTX A4000 16GB GDDR6;1265.23
Asus Phoenix Radeon RX 550 2GB GDDR5;108.57
Asus TUF Gaming GeForce GTX 1650 OC Edition 4GB GDDR6;247.64
PowerColor Hellhound Spectral White RX 7900 XTX 24GB GDDR6;1245.67
XFX Speedster QICK 319 Radeon RX 7700 XT Black Edition 12GB GDDR6;676.7
EVGA GeForce RTX 3080 FTW3 ULTRA HYBRID GAMING 10GB GDDR6X;1068.05
Asus TUF Gaming GeForce RTX 3070 OC 8GB GDDR6;612.2
MSI GeForce GTX 1650 D6 AERO ITX V1 4GB GDDR6;197.3
MSI GeForce RTX 3080 Ti SUPRIM X 12GB GDDR6X;1834.9
Zotac Gaming GeForce RTX 3060 Twin Edge OC LHR 12GB GDDR6;424.0
Asrock AMD Radeon RX 6800 XT Phantom Gaming OC 16GB GDDR6;721.58
Sapphire PURE AMD Radeon RX 7700 XT GAMING OC 12GB GDDR6;579.6
Zotac GeForce RTX 3090 AMP Extreme Holo LHR 24GB GDDR6X;2386.72
MSI GeForce RTX 4070 Ti VENTUS 3X E1 OC 12GB GDDR6X DLSS3;959.0
Asus Phoenix GeForce GTX 1650 OC 4GB GDDR6;255.24
EVGA GeForce RTX 3080 Ti XC3 ULTRA 12GB GDDR6X;846.9
Asus Dual Radeon RX 6700 XT OC Edition 12GB GDDR6;1247.49
Inno3D Twin X2 GeForce RTX 4060 8GB GDDR6 DLSS3;344.53
ASUS TUF Gaming GeForce RTX 4070 OC Edition 12GB GDDR6X DLSS3;799.89
PNY GeForce RTX 3080 XLR8 Gaming REVEL EPIC-X RGB Triple Fan LHR 10GB GDDR6X;1797.18
ASUS GeForce GT 730 2GB GDDR5 Low Profile;75.0
Gigabyte AORUS Radeon RX 6800 MASTER 16GB GDDR6;1396.21
Asus GeForce GT 710 2 GB GDDR5;114.11
AsRock AMD Radeon RX 6800 XT Phantom Gaming D OC 16GB GDDR6;517.95
PNY GeForce RTX 4060 Ti XLR8 Gaming VERTO OC Triple Fan Edition 16GB GDDR6 DLSS3;588.13
PNY GeForce GTX 1650 Dual Fan 4 GB GDDR6;178.87
Zotac Gaming GeForce RTX 4060 Ti Twin Edge 8GB GDDR6 DLSS3;584.95
AsRock AMD Radeon RX 6800 PHANTOM GAMING D OC 16GB GDDR6;634.5
MSI GeForce RTX 2060 VENTUS GP OC 6GB GDDR6;561.82
Zotac Gaming GeForce RTX 3090 Trinity OC LHR 24GB GDDR6X;1459.0
ASUS ROG Strix GeForce RTX 4070 Ti 12GB GDDR6X DLSS3;1270.91
Palit GeForce RTX 4060 StormX 8GB GDDR6 DLSS 3;345.37
Inno3D GeForce RTX 3070 Ti X3 OC Dual Slot 8GB GDDR6X;850.42
MSI GeForce RTX 4060 Ti VENTUS 2X BLACK OC 8GB GDDR6 DLSS3;445.99
Zotac Gaming GeForce GTX 1630 4GB GDDR6;200.52
Gigabyte GeForce RTX 4060 Ti WINDFORCE OC 8GB GDDR6 DLSS3;438.0
PNY Nvidia Quadro P1000 V2 4GB GDDR5;354.22
AMD Radeon Pro W6400 4GB GDDR6;300.22
MSI GeForce GTX 1660 SUPER Ventus XS OC 6GB GDDR6;370.99
Gigabyte GeForce RTX 4060 EAGLE OC 8GB GDDR6 DLSS3;359.9
AsRock Steel Legend AMD Radeon RX 7700 XT OC 12GB GDDR6;555.94
Sapphire NITRO+ AMD Radeon RX 6950XT Pure Gaming 16GB GDDR6;1744.95
Biostar Radeon RX 550 Gaming 4GB GDDR5;198.21
MSI AMD Radeon RX 6650 XT GAMING X 8GB GDDR6;747.07
Gigabyte AORUS GeForce RTX 3080 Ti XTREME WATERFORCE WB 12GB GDDR6;924.85
Sapphire Pulse Radeon RX 6700 XT GAMING OC 12GB GDDR6;470.4
ASUS TUF Gaming AMD Radeon RX 6500 XT OC Edition 4GB GDDR6;326.94
Zotac Gaming GeForce GTX 1650 AMP Core 4GB GDDR6;169.9
MSI GeForce RTX 4060 GAMING X 8GB GDDR6 DLSS3;399.75
MSI GeForce RTX 4090 SUPRIM X 24GB GDDR6X DLSS3;2449.0
ASUS TUF Gaming GeForce RTX 4070 Ti OC Edition 12GB GDDR6X DLSS3;1019.0
Gigabyte GeForce RTX 2060 WINDFORCE OC 12GB GDDR6;533.37
PowerColor Hellhound AMD Radeon RX 7600 8GB GDDR6;365.16
PNY GeForce RTX 3050 XLR8 Gaming REVEL EPIC-X RGB Dual Fan Edition 8GB GDDR6;713.74
Asus GeForce GT 1030 OC 2GB GDDR5;114.57
Zotac GAMING GeForce RTX 3090 Trinity LHR 24GB GDDR6X;1391.0
EVGA GeForce RTX 3060 Ti XC GAMING LHR 8GB GDDR6;751.7
Gigabyte AORUS GeForce RTX 3080 Xtreme WaterForce V2 10GB GDDR6X;1315.24
Gigabyte GeForce RTX 4070Ti Aero OC 12GB GDDR6X DLSS3;1203.37
MSI GeForce GTX 1650 D6 VENTUS XS OCV3 4GB GDDR6;166.99
Asrock Radeon RX 7800 XT Phantom Gaming OC 16GB GDDR6;629.61
PowerColor AMD Radeon RX 6800XT Red Dragon 16GB GDDR6;689.07
Inno3D iCHILL X3 WHITE Edition GeForce RTX 4060 Ti 8GB GDDR6 DLSS3;523.72
Sapphire AMD Radeon RX 6700 10GB GDDR6;248.75
MSI AMD Radeon RX 6600 XT MECH 2X OC 8GB GDDR6;504.9
PNY GeForce RTX 3060 XLR8 Gaming REVEL EPIC-X RGB Edition 12GB GDDR6;536.39
Zotac Gaming GeForce RTX 3090 TI AMP Extreme HOLO LHR 24GB GDDR6X;1569.0
MSI GeForce RTX 3070 GAMING Z TRIO 8GB GDDR6;476.5
PowerColor Fighter AMD Radeon RX 6700XT 12GB GDDR6;376.99
MSI GeForce RTX 3080 SEA HAWK X LHR 10GB GDDR6;1002.38
XFX Speedster SWFT 319 AMD Radeon RX 6800 16GB GDDR6;682.79
MSI GeForce RTX 4070 Ti VENTUS 3X E 12GB GDDR6X DLSS 3;983.81
PowerColor FIGHTER AMD Radeon RX 6600 8GB GDDR6;276.99
MSI GeForce RTX 4080 GAMING X TRIO 16GB GDDR6X DLSS3;1714.15
Gigabyte GeForce RTX 4060 Ti EAGLE 8GB GDDR6 DLSS3;485.41
ASUS Dual Radeon RX 6400 4GB GDDR6;232.34
MSI GeForce GT 730 2GB DDR3 Low Profile;76.45
HP NVIDIA Quadro T1000 4GB GDDR6;477.91
Gainward GeForce RTX 4090 Phantom 24GB GDDR6X DLSS3;2612.99
Powercolor Fighter AMD Radeon RX 6600XT 8GB GDDR6;672.59
Biostar VN6103THX6 GeForce GT610 2GB DDR3;55.99
Sapphire NITRO+ AMD RADEON RX 6600 XT GAMING OC 8GB GDDR6;294.95
PNY GeForce RTX 3080 Ti XLR8 Gaming REVEL Edition 12GB GDDR6X;2060.83
Inno3D Twin X2 GeForce RTX 4060 Ti 8GB GDDR6 DLSS3;461.59
Gigabyte GeForce RTX 4080 EAGLE OC 16GB GDDR6X DLSS3;1368.99
MSI GeForce GTX 1630 4GT LP OC 4GB GDDR6;241.69
ASUS Phoenix GeForce GTX 1630 4GB GDDR6 EVO;155.9
XFX SPEEDSTER MERC310 AMD Radeon RX 7900XT Black Gaming 20GB GDDR6;1180.89
Gigabyte Radeon RX 6600 XT EAGLE 8GB GDDR6;731.96
Gigabyte AORUS Radeon RX 6900 XT Xtreme WaterForce WB 16GB GDDR6;2122.92
PNY VCNT400-4GB-PB Nvidia T400 4GB GDDR6;224.12
Dell AMD Radeon 550 2 GB GDDR5;113.47
Gigabyte AORUS XTREME GeForce RTX 3080 Ti WATERFORCE 12GB GDDR6;1929.53
PNY GeForce RTX 4060 XLR8 Gaming VERTO Edition 8GB GDDR6 DLSS3;373.17
Gigabyte AORUS GeForce RTX 3060 Ti ELITE 8GB GDDR6 Rev 2.0;749.35
Gigabyte AORUS GeForce RTX 3090 MASTER 24GB GDDR6X;1174.0
PNY GeForce RTX 4060 Ti XLR8 Gaming VERTO EPIC-X RGB Triple Fan 16GB DLSS3;603.05
MSI GeForce RTX 4060 VENTUS 2X WHITE OC 8GB GDDR6 DLSS3;488.15
Inno3D GeForce RTX 4060 Ti X3 OC 8GB GDDR6 DLSS3;477.35
MSI RTX 3080 SUPRIM X LHR 10GB GDDR6X;1204.9
Inno3D GeForce GT 1030 2GB GDDR5 Low Profile;88.03
AsRock Phantom Gaming DAMD Radeon RX 6650 XT OC 8GB GDDR6;518.65
XFX Speedster QICK 319 Radeon RX 7800 XT Core Edition 16GB GDDR6;649.0
PNY GeForce RTX 4080 VERTO Triple Fan 16GB GDDR6X DLSS3;1599.9
MSI GeForce GT 730 Low Profile 2GB GDDR3;69.19
Gigabyte AORUS GeForce GTX 1650 D6 OC 4GB GDDR6;262.01
Zotac Gaming GeForce GTX 1650 4GB GDDR6;188.25
Sapphire Pulse Radeon RX 550 4GB GDDR5;117.11
PNY Quadro P1000 DVI 4GB GDDR5;476.53
Gainward GeForce GTX 1050Ti 4GB GDDR5;228.67
Gigabyte GeForce GT 710 Silent 2GB GDDR5;80.33
EVGA GeForce GT730 2GB GDDR5 Low Profile;94.85
EVGA GeForce RTX 3080 Ti XC3 12GB GDDR6X;711.05
ASUS GeForce RTX 4080 Noctua OC Edition 16GB GDDR6X;1852.61
ASUS Dual GeForce RTX 4060 White OC Edition 8GB GDDR6 DLSS3;389.9
Inno3D TWIN X2 GeForce RTX 3060 12GB GDDR6;365.03
Inno3D GeForce RTX 4080 ICHILL X3 16GB GDDR6X DLSS3;1499.9
Zotac Gaming GeForce RTX 3080 Trinity LHR 10GB GDDR6X;911.0
MSI GeForce RTX 4060 Ti GAMING X SLIM White Edition 16GB GDDR6 DLSS3;619.0
Sapphire NITRO+ AMD Radeon RX 6800 XT OC SE Gaming 16GB GDDR6;527.9
PNY A2000 Nvidia RTX A2000 6GB GDDR6;599.9
Gigabyte AORUS GeForce RTX 3090 XTREME 24GB GDDRX6;1005.65
MSI AMD Radeon RX 6750 XT GAMING X TRIO 12GB GDDR6;646.09
PowerColor Red Devil AMD Radeon RX 6900 XT Ultimate 16GB GDDR6;1095.92
Gigabyte GeForce RTX­­ 4070 GAMING OC 12 GB GDDR6X DLSS3;749.0
Inno3D GeForce RTX 3060 Twin X2 OC 12GB GDDR6;434.48
ASUS TUF Gaming GeForce RTX 4090 OG OC Edition 24GB GDDR6X DLSS3;2429.0
MSI GeForce RTX 4080 SUPRIM X 16GB GDDR6X DLSS3;1599.9
Asrock Radeon RX 7800 XT Steel Legend OC 16GB GDDR6;681.13
Gigabyte GeForce RTX 3080 TURBO Rev 2.0 LHR 10GB GDDR6X;1132.75
Sapphire AMD Radeon RX 7800 XT 16GB GDDR6;739.0
Gigabyte AORUS GeForce RTX 4070 Ti ELITE 12GB GDDR6X DLSS3;1074.38
Asus GeForce GTX 1650 SUPER TUF Gaming OC 4GB GDDR6;303.1
AsRock Radeon RX 5700 XT Phantom Gaming D OC 8GB GDDR6;331.45
PowerColor Hellhound AMD Radeon RX 7900 XT 20G-L/OC 20GB GDDR6;869.0
Gigabyte GeForce RTX 3080 GAMING OC V2 LHR 10GB GDDR6X;1132.75
PowerColor Red Devil AMD Radeon RX 7800 XT 16GB GDDR6;700.86
Gigabyte GeForce RTX 4070 Ti GAMING OC 12GB GDDR6X DLSS3;1175.64
Zotac Gaming GeForce RTX 3080 Ti AMP Holo LHR 12GB GDDR6X;2755.25
MSI GeForce RTX 4060 Ti GAMING X SLIM 16GB GDDR6 DLSS3;619.0
Sapphire AMD Radeon RX 7900 XT Gaming 20GB GDDR6;1633.0
Gigabyte GeForce RTX 3060 GAMING OC 12GB GDDR6;542.58
ASUS ProArt GeForce RTX 4070 OC Edition 12GB GDDR6X DLSS3;741.88
Zotac Gaming GeForce RTX 4060 Ti TWIN EDGE 16GB GDDR6 DLSS3;559.0
PNY QUADRO T1000 8GB GDDR6 Low Profile;477.34
Inno3D GeForce RTX 4060 TWIN X2 White 8GB GDDR6 DLSS3;370.23
ASUS Dual Radeon RX 6500 XT OC Edition 4GB GDDR6;292.16
ASUS Dual GeForce RTX 4060 Ti OC Edition 16GB GDDR6 DLSS3;529.0
Palit JetStream GeForce RTX 4080 16GB GDDR6X DLSS 3;1326.23
Asrock Radeon RX 6900 XT Phantom Gaming OC Edition 16GB GDDR6;1951.2
Zotac Gaming GeForce RTX 4070 AMP AIRO 12GB GDDR6X DLSS3;874.85
ASUS ProArt GeForce RTX 4060 Ti OC Edition 16GB GDDR6 DLSS3;605.75
Powercolor Hellhound AMD Radeon RX 6600XT 8GB GDDR6;650.08
ASUS Phoenix Radeon RX 6400 4GB GDDR6;218.43
AMD Radeon PRO W7900 48GB GDDR6;4837.09
Sapphire NITRO+ AMD Radeon RX 7900 XT Vapor-X 20GB GDDR6;1017.34
Sapphire Pulse AMD Radeon RX 7600 Gaming 8GB GDDR6;329.99
Gigabyte AMD Radeon RX 6700 XT GAMING OC 12GB GDDR6;993.21
PNY GeForce GT 730 2GB GDDR3 Low Profile;98.21
MSI AMD Radeon RX 6700 XT GAMING X 12GB GDDR6;614.9
MSI GeForce RTX 4060 Ti VENTUS 3X OC 8 GB GDDR6 DLSS3;510.98
Sapphire PURE AMD Radeon RX 7800 XT Gaming 16GB GDDR6;619.0
Asus ROG Strix GeForce RTX 3080 Ti OC Edition 12GB GDDR6X;1858.11
ASUS TUF Gaming GeForce GTX 1650 V2 4GB GDDR6;206.75
XFX SPEEDSTER SWFT210 AMD Radeon RX 7600 Core Gaming 8GB GDDR6;387.65
ASUS TUF Gaming GeForce RTX 3080 V2 OC Edition LHR 10GB GDDR6X;961.54
PowerColor Red Dragon Radeon RX 550 4GB GDDR5 Low Profile;97.48
ASUS Phoenix GeForce GTX 1650 EVO OC Edition 4GB GDDR6;193.68
AMD Radeon Pro VII 16GB DDR3;384.23
EVGA GeForce GTX 1650 SC ULTRA GAMING 4GB GDDR5;272.51
Palit GeForce RTX 4060 Ti JetStream 16GB GDDR6 DLSS 3;528.34
PNY GeForce RTX 4070 Ti VERTO Triple Fan White Edition 12GB GDDR6X DLSS3;1087.71
Zotac Gaming GeForce RTX 4070 Twin Edge OC 12GB GDDR6X DLSS3;724.01
ASUS ROG Strix GeForce RTX 4090 White Edition 24GB GDDR6X DLSS3;3027.98
XFX Speedster SWFT 210 AMD Radeon RX 6600 XT 8GB GDDR6;686.02
XFX SPEEDSTER QICK308 AMD Radeon RX 7600 Black Gaming 8GB GDDR6;401.38
Zotac Gaming GeForce RTX 4060 Twin Edge OC White Edition 8GB GDDR6 DLSS3;373.67
ASUS ROG Strix GeForce RTX 4090 24GB GDDR6X DLSS3;2886.65
Gigabyte GeForce GTX 1660 SUPER OC 6GB GDDR6;567.76
Gigabyte GeForce RTX 4070 Ti GAMING 12GB GDDR6X DLSS3;1018.22
Gigabyte GeForce RTX 4070 Windforce OC 12 GB GDDR6X DLSS3;729.0
ASUS Phoenix GeForce RTX 3050 V2 8GB GDDR6;270.94
Zotac Gaming Geforce RTX 3080 TRINITY OC LHR 12GB GDDR6X;1126.0
Inno3D Geforce RTX 3050 TWIN X2 8GB GDDR6;402.5
Gigabyte GeForce RTX 3070 EAGLE OC 8GB GDDR6 Rev 2.0;793.84
ASUS Phoenix GeForce RTX 3050 8GB GDDR6;425.8
MSI GeForce RTX 3090 VENTUS 3X OC 24GB GDDR6X;2034.9
Asrock Challenger RX 6500XT ITX 4GB GDDR6;271.81
PNY Nvidia Quadro RTX 4000 SFF Ada Generation 20GB GDDR6;1988.23
EVGA GeForce RTX 2060 SC OVERCLOCKED 6GB GDDR6;568.82
Biostar GeForce GT1030 4GB GDDR4;159.73
MSI GeForce RTX 4070 GAMING X SLIM White Edition 12GB GDDR6 DLSS3;823.06
MSI GeForce RTX 3090 Ti SUPRIM X 24GB GDDR6X;2439.9
Gigabyte GeForce GTX 1660 OC 6GB GDDR5;368.77
Asus TUF Gaming Radeon RX 6700 XT OC Edition 12GB GDDR6;1923.29
Gigabyte GeForce RTX 3080 Ti GAMING OC 12GB GDDR6X;1615.05
PNY GeForce RTX 4080 XLR8 Gaming Verto EPIC-X RGB TF OC 16GB GDDR6X DLSS3;1659.9
Gigabyte GeForce RTX 3090 Eagle OC 24G 24GB GDDR6X;1871.5
Biostar GeForce GTX 1660Ti Extreme Gaming 6GB GDDR6;229.1
Asrock AMD Radeon RX 7900 XTX Taichi White OC Edition 24GB GDDR6;1389.29
MSI GeForce RTX 4060 Ti GAMING X 8GB GDDR6 DLSS3;499.0
Gigabyte GeForce RTX 3080 Ti VISION OC 12GB GDDR6X;1615.05
Sapphire Pulse AMD Radeon RX 6700 XT 12GB GDDR6;499.9
ASUS ROG Strix GeForce RTX 4090 OC 24GB GDDR6X DLSS3;2677.24
Sapphire Pulse AMD Radeon RX 6400 Gaming 4GB GDDR6;183.35
EVGA GeForce GTX 1660 SC Ultra Gaming 6GB GDDR5;311.81
AsRock Phantom Gaming Intel Arc A770 D OC 8GB GDDR6;395.13
EVGA GeForce RTX 2060 KO Ultra Gaming 6GB GDDR6;402.28
MSI GeForce GTX 1630 VENTUS XS OC 4GB GDDR6;208.13
Zotac Gaming GeForce RTX 4070 Ti Trinity OC 12GB GDDR6X DLSS3;1112.7
Gigabyte AMD Radeon RX 6750 XT Gaming OC 12GB GDDR6;574.25
Gigabyte GeForce RTX 4080 EAGLE 16GB GDDR6X DLSS3;1473.01
ASRock Radeon RX 6700 XT Challenger D OC 12GB GDDR6;439.77
Gigabyte GeForce RTX 3070 VISION OC 8GB GDDR6;1054.55
HP Nvidia RTX A2000 6GB GDDR6;516.67
Zotac Gaming GeForce RTX 4080 TRINITY 16GB GDDR6X DLSS3;1531.0
Zotac Gaming GeForce RTX 4080 TRINITY OC 16GB GDDR6X DLSS3;1596.0
MSI GeForce RTX 3080 SUPRIM X 10GB GDDR6X;1129.7
XFX SPEEDSTER MERC310 AMD Radeon RX 7900XTX Black Gaming 24GB GDDR6;1299.9
Gigabyte GeForce GT 730 2GB GDDR5;126.56
MSI AMD Radeon RX 6950XT GAMING X TRIO 16GB GDDR6;1109.9
Gainward GeForce RTX 3070 Ti Phoenix 8GB GDDR6X;809.0
Gigabyte GeForce GTX 1650 D6 OC 4GB GDDR6 Rev 2;262.01
ASUS AMD Radeon Dual RX 560 4GB GDDR5;159.74
Gigabyte GeForce GTX 1050Ti D5 4GB GDDR5;319.19
PNY GeForce RTX 4090 OC XLR8 Gaming Verto EPIC-X RGB TF 24GB GDDR6X DLSS3;2552.39
ASUS Dual GeForce RTX 4060 Ti White OC Edition 8GB GDDR6 DLSS3;491.99
AMD Radeon PRO W7800 32GB GDDR6;2884.9
PowerColor Fighter AMD Radeon RX 7600 8GB GDDR6;354.26
Asus TUF GAMING Radeon RX 6800 XT OC 16 GB GDDR6;1390.1
ASUS Dual GeForce RTX 4070 OC Edition 12GB GDDR6X DLSS3;719.9
Gigabyte Radeon RX 6500 XT GAMING OC 4GB GDDR6;353.85
PNY GeForce RTX 3070 Ti XLR8 Gaming REVEL Edition 8GB GDDR6X;737.14
Inno3D GeForce RTX 4070 TWIN X2 OC White 12GB GDDR6X DLSS3;691.86
ASUS Dual GeForce RTX 4060 OC Edition 8GB GDDR6 DLSS3;369.9
Gigabyte GeForce RTX 4080 GAMING OC 16GB GDDR6X DLSS3;1629.0
Sapphire NITRO+ AMD Radeon RX 6900 XT SE OC GAMING 16GB GDDR6;742.65
MSI RTX 3060 TI VENTUS 2X OC V1 LHR 8GB GDDR6;657.9
MSI GeForce RTX 4070 VENTUS 3X E OC 12GB GDDR6 DLSS3;729.0
MSI AMD Radeon RX 6750 XT MECH 2X 12GB GDDR6 V1;457.79
MSI GeForce RTX 4080 VENTUS 3X E OC 16GB GDDR6X DLSS3;1789.0
Lenovo Nvidia RTX A4000 16 GB GDDR6;1431.85
EVGA GeForce RTX 3090 FTW3 ULTRA HYDRO COPPER GAMING 24GB GDDR6X;1345.1
XFX SPEEDSTER SWFT 210 AMD Radeon RX 6600 8GB GDDR6;254.51
MSI GeForce GTX 1660 SUPER GAMING 6GB GDDR6;309.0
Asrock Radeon RX 6500 XT OC 4 GB GDDR6;241.43
Asus AMD Radeon RX 6600 XT Dual OC Edition 8 GB GDDR6;590.1
MSI GeForce RTX 4070 VENTUS 2X E OC 12GB GDDR6 DLSS3;769.0
Gigabyte AMD Radeon RX 6800 XT GAMING OC 16GB GDDR6;1202.02
Asus TUF Gaming GeForce RTX 3080 Ti OC Edition 12GB GDDR6X;1780.15
HP AMD Radeon Pro W5500 8GB GDDR6;580.93
MSI GeForce RTX 4080 GAMING X SLIM WHITE 16GB GDDR6 DLSS3;1379.9
AsRock Phantom Gaming AMD Radeon RX 7700 XT OC Edition 12GB GDDR6;566.17
Asus GeForce GT 710 1GB GDDR5;76.41
Gainward GeForce GT 730 2GB GDDR3;121.25
ASUS Dual GeForce RTX 4060 Ti OC Edition 8GB GDDR6 DLSS3;441.99
Zotac GeForce GT730 2GB GDDR3;102.0
ASUS ROG Strix GeForce RTX 4070 OC Edition 12GB GDDR6X DLSS 3;938.14
Gigabyte GeForce RTX­­ 4070 Ti GAMING OC 12GB GDDR6 DLSS3;959.91
PowerColor Red Devil AMD Radeon RX 6950XT 16GB GDDR6;781.57
Gigabyte AORUS GeForce RTX 3070 MASTER 8GB GDDR6;898.12
Lenovo NVIDIA Quadro P1000 4 GB GDDR5;505.18
Gigabyte AORUS GeForce RTX 2080 Ti Xtreme Waterforce WB 11GB GDDR6;587.95
ASUS Dual GeForce RTX 3060 White OC Edition 8GB GDDR6;469.93
Gigabyte GeForce RTX 4070 AERO OC 12GB GDDR6X DLSS3;784.72
EVGA GeForce RTX 3070 Ti FTW3 ULTRA GAMING 8GB GDDR6X;995.33
Gigabyte GeForce RTX­­ 4060 GAMING OC 8GB GDDR6 DLSS3;418.32
Gigabyte GeForce RTX 4070 EAGLE OC 12GB GDDR6X DLSS3;689.91
ASUS ROG Strix GeForce RTX 4080 OC Edition 16GB GDDR6X DLSS3;1699.0
Gigabyte GeForce RTX 4070 Ti EAGLE OC 12GB GDDR6X Rev. 2.0 DLSS3;989.01
Gigabyte Radeon RX 6600 XT GAMING OC 8GB GDDR6;603.4
Gigabyte AMD Radeon RX 6600 EAGLE 8GB GDDR6;426.69
Gigabyte AORUS GeForce RTX 3080 MASTER V2 10GB GDDR6X;1250.07
Sapphire Pulse AMD Radeon RX 7700 XT GAMING 12GB GDDR6;529.0
Gigabyte GeForce RTX 3050 EAGLE OC 8GB GDDR6;413.52
MSI GeForce RTX 3050 GAMING X 8GB GDDR6;435.44
Powercolor Red Devil AMD Radeon RX 7700 XT 12GB GDDR6;705.63
Palit GeForce GT 730 2GB GDDR3;101.25
Asus Phoenix GeForce RTX 3060 V2 12GB GDDR6;460.89
EVGA GeForce RTX 3080 XC3 ULTRA GAMING 10 GB GDDR6X;974.05
AMD Radeon RX 6950 XT 16GB GDDR6;680.09
Gigabyte AORUS GeForce RTX 3080 Ti MASTER 12GB GDDR6X;1732.37
ASUS GeForce  GT730 BRK EVO 2 GB GDDR3;60.54
XFX SPEEDSTER MERC310 AMD Radeon RX 7900XT 20GB GDDR6;879.0
MSI GeForce RTX 4080 SUPRIM 16GB GDDR6X DLSS3;1800.98
Gainward GeForce RTX 3060Ti Ghost LHR 8GB GDDR6;588.73
Fujitsu Nvidia Quadro P1000 4GB GDDR5;637.18
Asus TUF Gaming GeForce GTX 1660 Ti EVO OC Edition 6GB GDDR6;445.62
AsRock AMD Radeon RX 6900 XT OC Formula 16GB GDDR6;1369.51
PowerColor Hellhound AMD Radeon RX 6650XT 8GB GDDR6;340.14
Gigabyte GeForce GT 1030 Low Profile D4 2GB GDDR4;109.31
MSI GeForce RTX 4070 Ti VENTUS 3X OC 12GB GDDR6X DLSS3;989.01
Gigabyte GeForce GT 1030 2GB GDDR5 LP;89.99
MSI GeForce RTX 3060 Ti VENTUS 3X 8GD6X OC 8GB GDDR6X;536.22
Palit GeForce RTX 4060Ti StormX 8GB GDDR6 DLSS3;449.63
Zotac Gaming GeForce RTX 3060 AMP White Edition LHR 12GB GDDR6;605.0
MSI GeForce RTX 4060 Ti GAMING X TRIO 8GB GDDR6 DLSS3;650.48
ASUS GeForce TUF Gaming RTX 4070Ti 12GB GDDR6X DLSS3;929.0
EVGA GeForce RTX 3070 XC3 BLACK GAMING LHR 8GB GDDR6;604.55
Gigabyte GeForce GT 1030 OC 2G GDDR5;93.04
Zotac Gaming GeForce RTX 4070Ti Trinity 12GB GDDR6X DLSS3;1008.99
PowerColor Red Devil Radeon RX 5700 XT 8GB GDDR6;406.0
MSI GeForce RTX 4080 VENTUS 3X OC 16GB GDDR6X DLSS3;1790.25
Asrock AMD Radeon RX 6600 XT Challenger Pro OC 8GB GDDR6;322.6
Sapphire Pulse AMD Radeon RX 6750XT Gaming OC 12GB GDDR6;693.0
Sapphire Pulse Radeon RX 550 2GD5;128.47
ASUS TUF Gaming GeForce RTX 4090 OC 24GB GDDR6X DLSS3;2655.01
ASUS Dual GeForce RTX 2060 EVO OC Edition 12GB GDDR6;753.99
PowerColor Fighter AMD Radeon RX 6700 10GB GDDR6;534.98
Sapphire PULSE AMD Radeon RX 6800 16GB GDDR6;690.72
Palit GeForce RTX 3060 Dual 12GB GDDR6;344.6
ASUS TUF Gaming GeForce RTX 4070 12 GB GDDR6X DLSS3;855.97
Asus GeForce GTX 1650 Phoenix OC 4GB GDDR6;290.0
Zotac Gaming GeForce RTX 3070 Ti Trinity LHR 8GB GDDR6X;1026.37
Biostar AMD Radeon RX 550 4GB GDDR5;186.02
Dell Nvidia Quadro P400 2GB GDDR5 Perfil Bajo;394.72
Asus Rog Strix RTX 3070Ti OC 8GB GDDR6X;1046.78
Gigabyte Radeon RX 7900 XT GAMING OC 20GB GDDR6;1042.93
Gigabyte AORUS GeForce RTX 3080 XTREME 10GB GDDR6X;911.9
Sapphire PULSE AMD Radeon RX 6600 8GB GDDR6;278.99
Gigabyte AORUS GeForce RTX 4090 MASTER 24GB GDDR6X DLSS3;2599.69
Sapphire NITRO+ AMD Radeon RX 6950XT Gaming 16GB GDDR6;678.9
Palit GeForce RTX 3070 Ti GamingPro 8GB GDDR6X;614.99
ASUS ROG Strix Radeon RX 560 V2 4GB GDDR5;187.11
MSI GeForce RTX 3080 GAMING Z TRIO LHR 12GB GDDR6X;1409.9
PowerColor Red Devil AMD Radeon RX 6600XT 8GB GDDR6;682.71
Zotac Gaming GeForce RTX 4070Ti AMP EXTREME AIRO 12GB GDDR6X DLSS3;1194.06
XFX Speedster MERC319 AMD Radeon RX 6750XT Black Gaming 12GB GDDR6;739.99
ASUS TUF Gaming Radeon RX 7900 XTX OC Edition 24GB GDDR6;1290.34
PowerColor Hellhound Spectral RX 6650XT 8GB GDDR6;340.14
PNY GeForce RTX 2060 REVEL Dual Fan 12GB GDDR6;612.34
PowerColor HELLHOUND AMD Radeon RX 7900 XTX 24GB GDDR6;1098.99
Asus TUF Gaming GeForce GTX 1650 OC Edition 4 GB GDDR6;247.64
Gigabyte GeForce RTX 4060 Ti EAGLE OC 8GB GDDR6 DLSS3;465.9
Gigabyte AORUS GeForce RTX 3080 MASTER 10GB GDDR6X;1250.07
Gigabyte GeForce RTX 2060 D6 6GB GDDR6 Rev 2.0;454.35
PNY QUADRO T1000 8GB GDDR6;530.71
MSI GeForce RTX 4080 GAMING TRIO 16GB GDDR6X DLSS3;1549.9
Zotac Gaming Geforce RTX 3080 TRINITY OC LHR 10GB GDDR6X;934.0
MSI GeForce RTX 3090 SUPRIM X 24GB GDDR6X;2129.9
ASRock ARC A750 Challenger D OC 8GB GDDR6;275.49
Asus GeForce RTX 3060 Ti V2 Dual MINI LHR 8GB GDDR6;565.23
PNY GeForce GTX 1660 SUPER Single Fan 6GB GDDR6;327.76
Gigabyte GeForce RTX 4090 GAMING OC 24GB GDDR6X DLSS3;2364.92
PNY GeForce RTX 3060 XLR8 Gaming REVEL EPIC-X RGB Single Fan 12GB GDDR6;795.44
Zotac Gaming GeForce RTX 3080 Ti Trinity LHR 12GB GDDR6X;1083.0
XFX SPEEDSTER QICK319 AMD Radeon RX 6750XT 12GB GDDR6;499.0
Asus ROG Strix GeForce RTX 3080 10GB GDDR6;583.7
Sapphire Pulse AMD Radeon RX 7800 XT GAMING 16GB GDDR6;579.9
Gigabyte GeForce RTX 3060 Ti WINDFORCE OC LHR 8 GB GDDR6;460.22
ASUS Dual GeForce RTX 4070 White OC Edition 12GB GDDR6X DLSS3;659.0
Gigabyte Radeon RX 6500 XT Eagle 4GB GDDR6;308.17
ASUS Dual Radeon RX 6750XT OC Edition 12GB GDDR6;675.68
Gigabyte GeForce RTX 3070 GAMING OC LHR V2 8GB GDDR6;799.9
Withtech AMD Radeon RX 6600 8GB GDDR6;197.0
Zotac Gaming GeForce RTX 4060 SOLO 8GB GDDR6 DLSS3;367.98
ASUS Dual GeForce RTX 4070 White Edition 12GB GDDR6X;811.32
Inno3D GeForce GTX 1650 Twin X2 OC V3 4GB GDDR6;168.34
PowerColor Hellhound AMD Radeon RX 7700 XT 12GB GDDR6;599.91
ASUS ProArt GeForce RTX 4060 OC Edition 8GB GDDR6 DLSS3;410.87
AMD Radeon Pro WX 3200 4 GB GDDR5;234.58
Asus DUAL GeForce RTX 3060 Ti V2 MINI OC Edition LHR 8GB GDDR6;1206.23
MSI GeForce RTX 4060 Ti GAMING X SLIM 8GB GDDR6 DLSS3;552.12
PNY GeForce GTX 1650 Dual Fan 4GB GDDR6;178.94
MSI GeForce RTX 4090 SUPRIM LIQUID X 24GB GDDR6X DLSS3;2109.01
PNY Nvidia RTX A2000 12GB GDDR6 LP;773.66
Gigabyte GeForce GTX 1650 D6 Rev 2.0 4GB GDDR6;282.99
MSI GeForce RTX 4090 VENTUS 3X OC 24GB GDDR6X DLSS3;2547.13
PowerColor HELLHOUND AMD Radeon RX 6600 8GB GDDR6;283.14
MSI GeForce RTX 4090 VENTUS 3X E OC 24GB GDDR6 DLSS3;2372.14
XFX Speedster MERC 319 Radeon RX 7800 XT BLACK Edition 16GB GDDR6;693.93
Gigabyte AORUS GeForce RTX 4060 ELITE 8GB GDDR6 DLSS3;416.19
Gigabyte AORUS GeForce RTX 3080 MASTER 10G 3.0 10GB GDDR6X;1250.07
Zotac Gaming GeForce RTX 4090 TRINITY OC 24GB GDDR6X DLSS3;2578.19
Gigabyte GeForce GT 1030 Silent 2GB GDDR5 LP;120.74
MSI GeForce RTX 4060 Ti GAMING X 16GB GDDR6 DLSS3;559.0
Zotac GeForce RTX 4060 Ti AMP Spiderman Across the Spider-Verse Bundle 16GB GDDR6 DLSS3;560.37
AsRock Challenger Pro AMD Radeon RX 6750 XT OC 12GB GDDR6;552.99
XFX Speedster SWFT 210 AMD Radeon RX 6650 XT Core 8GB GDDR6;377.99
EVGA GeForce RTX 3080 Ti FTW3 ULTRA 12GB GDDR6X;704.3
HP Nvidia RTX A4500 20GB GDDR6;2084.87
Gigabyte GeForce RTX 4080 16GB GAMING 16GB GDDR6X;1659.98
MSI GeForce RTX 3080 GAMING Z TRIO LHR 10GB GDDR6;1137.9
EVGA GeForce RTX 3080 XC3 ULTRA GAMING 10GB GDDR6X;711.2
PNY GeForce RTX 4070 Ti XLR8 Gaming VERTO EPIC-X RGB Overclocked Triple Fan 12GB GDDR6X DLSS3;999.9
AMD Radeon Pro W6600 8GB GDDR6;328.24
PNY GeForce RTX 4060 Ti XLR8 Gaming VERTO EPIC-X RGB OC 16GB GDDR6 DLSS3;579.0
PowerColor ITX AMD Radeon RX 6500 XT 4GB GDDR6;244.64
Gigabyte GeForce RTX 3070 VISION OC V2 LHR 8GB GDDR6;1433.25
MSI GeForce RTX 4070 Ti VENTUS 3X E OC 12GB GDDR6 DLSS3;970.69
MSI AMD Radeon RX 6750XT MECH 2X OC 12GB GDDR6;473.99
ASUS TUF Gaming GeForce RTX 4080 OC 16GB GDDR6X DLSS3;1596.95
PowerColor Red Devil AMD Radeon RX 6750XT 12GB GDDR6;620.73
Gigabyte AORUS GeForce RTX 4060 Ti ELITE 8GB GDDR6 DLSS3;547.65
Gigabyte AMD Radeon RX 6700 XT EAGLE 12GB GDDR6;736.18
PNY GeForce RTX 2060 Single Fan 6GB GDDR6;422.08
Gigabyte GeForce RTX 4090 WINDFORCE V2 24GB GDDR6X;2525.59
Palit GeForce GT 1030 2GB GDDR4;119.03
Gigabyte AORUS GeForce RTX 3080 XTREME 10GB GDDR6 Rev 2.0;690.8
Biostar GeForce GTX 1050Ti Extreme Gaming 4GB GDDR5;228.87
MSI GeForce RTX 4060 VENTUS 2X BLACK OC 8GB GDDR6 DLSS3;334.9
PNY GeForce RTX 4070 XLR8 Gaming VERTO EPIC-X RGB Triple Fan 12GB GDDR6X DLSS 3;745.22
Zotac Gaming GeForce RTX 4060 Twin Edge 8GB GDDR6 DLSS3;349.9
Asus ROG Strix GeForce RTX 3070 V2 OC Edition LHR 8GB GDDR6;887.48
Gigabyte AORUS GeForce GTX 1650 D6 OC 4GB GDDR6 Rev 3.0;286.56
ASUS TUF Gaming GeForce RTX 3060 OC V2 12GB GDDR6;526.25
PNY GeForce RTX 4060 OC XLR8 VERTO DF White Edition 8GB GDDR6 DLSS3;377.27
Gigabyte Radeon RX 6400 EAGLE 4GB GDDR6;234.24
MSI GeForce RTX 3060 VENTUS 3X OC 12GB GDDR6;499.9
Asus ROG Strix LC GeForce RTX 3080 Ti 12GB GDDR6X;2098.5
Gigabyte GeForce RTX 4060 Ti Gaming OC 16GB GDDR6 DLSS3;529.0
PNY Nvidia RTX A2000 6GB GDDR6 Low Profile;562.03
Gigabyte GeForce RTX­­ 4060 Ti GAMING OC 8GB GDDR6 DLSS3;469.9
MSI GeForce RTX 3060 VENTUS 2X OC LHR 12GB GDDR6;342.99
MSI GeForce RTX 3070 Ti VENTUS 3X OC 8GB GDDR6X;1007.19
PNY GeForce RTX 4060 Ti VERTO Dual Fan Edition 16GB DLSS3;577.89
MSI GT 1030 2GHD4 LP OC 2GB DDR4;102.05
Sapphire Pulse AMD Radeon RX 7900 XT 20GB GDDR6;899.9
Gigabyte GeForce RTX 3060 Gaming OC 8 GB GDDR6;453.72
Gigabyte AORUS GeForce RTX 3080 Ti XTREME 12GB GDDR6X;1009.95
MSI GeForce GTX 1650 D6 VENTUS XS V1 4GB GDDR6;189.9
AsRock Challenger D Gaming AMD Radeon RX 6650 XT OC 8GB GDDR6;341.82
MSI GeForce RTX 4070 GAMING X SLIM 12GB GDDR6X DLSS 3;759.0
Gigabyte GeForce RTX 3050 GAMING OC 8GB GDDR6;446.45
MSI GeForce GT710 2GB DDR3 Low Profile;51.99
MSI AMD Radeon RX 6700 XT MECH 2X 12GB OC 12GB GDDR6;594.9
Sapphire Pulse AMD Radeon RX 7900 XTX 24GB GDDR6;1299.9
Zotac Gaming GeForce RTX 3050 ECO 8GB GDDR6;264.99
EVGA GeForce GTX 1660Ti XC Ultra Gaming Dual HDB 6GB GDDR6;309.2
Asrock Radeon RX 7800 XT Challenger OC 16GB GDDR6;594.36
Gainward Panther GeForce RTX 4080 16GB GDDR6X DLSS3;1604.99
Asus Rog Strix RTX 3070Ti 8GB GDDR6X;1464.0
Asus ROG Strix LC Radeon RX 6900 XT 16GB GDDR6;1598.23
MSI AMD Radeon RX 7900 XTX GAMING TRIO 24GB GDDR6;1299.9
Zotac Gaming GeForce RTX 4060 Ti Twin Edge OC Spiderman Edition 8GB GDDR6 DLSS3;473.82
Gigabyte AORUS GeForce RTX 3080 XTREME WaterForce WB V2 10GB GDDR6X;1315.24
Withtech AMD Radeon RX 580 8GB GDDR5;128.99
PowerColor HellHound AMD Radeon RX 6700 XT 12GB GDDR6;658.82
Sapphire Pulse AMD Radeon RX 7900 GRE Gaming OC BULK 16GB GDDR6;719.9
AsRock Challenger AMD Radeon RX 7700 XT OC 12GB GDDR6;506.43
Asus TUF GeForce RTX 3080 10GB GDDR6X;806.95
PNY GeForce RTX 4070 XLR8 Gaming VERTO EPIC-X RGB OC 12GB GDDR6 DLSS3;865.98
Gigabyte GeForce RTX 4090 AERO OC 24GB GDDR6X DLSS3;2442.0
AsRock Challenger D AMD Radeon RX 6600 8 GB GDDR6;250.43
ASUS ROG STRIX RTX 4090 OC White 24GB GDDR6X DLSS3;2789.19
Biostar Radeon RX 560 Gaming Dual Cooling 4GB GDDR5;149.89
PNY GeForce RTX 4070 VERTO Dual Fan 12GB GDDR6X DLSS3;699.0
Asus EKWB GeForce RTX 3090 24GB GDDR6X;1140.5
Gigabyte GeForce RTX 4070 Ti EAGLE OC 12GB GDDR6X DLSS3;1039.6
Asus TUF Gaming GeForce RTX 3070 Ti OC Edition 8GB GDDR6X;981.05
MSI GeForce RTX 4080 VENTUS 3X 16GB GDDR6X DLSS3;1175.9
Gigabyte GeForce RTX 3070 Ti GAMING OC 8GB GDDR6X;899.01
Gigabyte GeForce RTX 3060 Ti VISION OC 8GB GDDR6 Rev 2.0;665.06
PNY GeForce RTX 4060 VERTO Dual Fan Edition 8GB GDDR6 DLSS3;329.89
Asus TUF Gaming GTX 1660TI EVO GAMING OC 6GB GDDR6;492.22
Gigabyte GeForce RTX 3080 Ti EAGLE 12GB GDDR6X;1668.8
AsRock AMD Radeon RX 6750 XT PHANTOM GAMING D OC 12GB GDDR6;541.64
MSI GeForce RTX 4070 Ti GAMING X TRIO 12GB GDDR6X DLSS3;1099.9
Gigabyte GeForce RTX 3070 Ti VISION OC 8GB GDDR6;1102.6
Asus GeForce GT 1030 Silent 2GB GDDR5;94.79
HP NVIDIA T1000 4MDP 4 GB GDDR6;534.11
Asus GeForce RTX 3070 Dual OC V2 LHR 8GB GDDR6;733.63
MSI AMD Radeon RX 6650 XT MECH 2X OC 8GB GDDR6;706.55
AsRock AMD Radeon RX 6700 XT Challenger D 12GB GDDR6;474.2
Gainward GeForce GTX 1660 Ti Ghost 6GB GDDR6;454.99
MSI GeForce RTX 4060 Gaming X NV Edition 8GB GDDR6 DLSS 3;399.91
Asus ROG Strix LC Radeon RX 6900 XT GAMING OC 16GB GDDR6;1452.54
MSI Radeon RX 6400 Aero ITX 4GB GDDR6;204.9
Gigabyte AORUS Radeon RX 6750 XT Elite 12GB GDDR6;605.99
EVGA GeForce RTX 3080 Ti FTW3 ULTRA HYBRID GAMING 12GB GDDR6X;843.8
PNY GeForce RTX 4070 Ti XLR8 Gaming Verto Triple Fan 12GB GDDR6X DLSS3;939.0
PowerColor Fighter AMD Radeon RX 7700 XT 12GB GDDR6;533.02
PNY Nvidia RTX A2000 12 GB GDDR6 Bulk;723.32
MSI GeForce RTX 4070 Ti GAMING X SLIM 12GB GDDR6X DLSS3;1019.0
Gigabyte GeForce GT 710 2 GB GDDR5;81.65
Gainward GeForce RTX 3060 PEGASUS 12GB GDDR6;539.45
Gigabyte GeForce RTX 4060 WINDFORCE OC 8GB GDDR6 DLSS3;339.9
ASUS Dual GeForce RTX 4060 Ti Advanced Edition 16GB GDDR6 DLSS 3;535.99
MSI AMD Radeon RX 6800 GAMING X TRIO 16GB GDDR6;759.9
ASUS ROG STRIX GeForce RTX 3080 OC GAMING LHR 12GB GDDR6X;1533.27
Sapphire PULSE AMD Radeon RX 6500 XT ITX PURE 4GB GDDR6;225.48
Inno3D iCHILL X3 GeForce RTX 4070 12GB GDDR6 DLSS 3;726.67
AMD Radeon Pro W5500 8GB GDDR6;440.89
ASUS TUF GeForce RTX 3080 OC GAMING LHR 12GB GDDR6X;1442.31
Asus ROG Strix GeForce RTX 3080 10G Gaming OC 10GB GDDR6X;957.2
MSI GT 1030 AERO ITX 2GD4 OC 2GB DDR4;115.72
ASUS Dual GeForce RTX 4070 12GB GDDR6X DLSS3;807.62
Inno3D GeForce RTX 3050 Twin X2 8 GB GDDR6;259.48
MSI GeForce RTX 3080 Ti VENTUS 3X OC 12GB GDDR6X;1624.9
Gigabyte GeForce GT 710 2GB GDDR5;80.33
Gigabyte GeForce GT 730 2 GB GDDR3;97.34
Gigabyte GeForce RTX 3090 Ti GAMING OC 24GB GDDR6X;2450.37
Intel Arc A750 8GB GDDR6;273.99
Asus ROG Strix LC GeForce RTX 3080 Ti OC Edition 12GB GDDR6X;2111.48
PNY GeForce RTX 4060 Ti XLR8 Gaming VERTO EPIC-X RGB Triple Fan 8GB GDDR6 DLSS3;514.1
Gigabyte AMD Radeon RX 7700 XT GAMING OC 12GB GDDR6;554.68
Zotac Gaming Geforce RTX 3060 Ti Twin Edge OC LHR 8GB GDDR6;790.79
Gigabyte AORUS GeForce RTX 4070 MASTER 12GB GDDR6X DLSS3;926.2
AMD Radeon Pro W5700 8GB GDDR6;332.96
PowerColor Hellhound AMD Radeon RX 7800 XT 16GB GDDR6;594.9
PNY QUADRO T1000 4GB GDDR6;462.14
MSI RTX 3080 Ti GAMING X TRIO 12GB GDDR6X;1689.9
AMD Radeon Pro W6800 32GB GDDR6;1700.87
Gigabyte GeForce RTX 3060 GAMING OC 12GB GDDR6 Rev 2.0;359.9
MSI GeForce RTX 4060 Ti VENTUS 3X OC 16GB GDDR6 DLSS3;538.99
Gigabyte AORUS Radeon RX 6800 XT MASTER 16GB GDDR6;1649.77
Asus ROG Strix GeForce RTX 3090 White 24GB GDDR6;2312.89
ASUS ROG Strix Radeon RX 6750XT OC Edition 12GB GDDR6;721.15
Biostar GeForce GT730 2GB DDR3 Low Profile;96.38
Palit GeForce GT 710 2GB GDDR3;67.32
PowerColor AMD Radeon RX 7900 XT 20GB GDDR6;1446.62
Gigabyte GeForce RTX 3060 EAGLE OC 12GB LHR GDDR6 Rev 2.0;662.37
Asus GeForce GT 1030 2GB GDDR5;114.78
MSI Geforce RTX 3080 SUPRIM X LHR 12GB GDDR6X;1434.9
Asus ROG Strix GeForce RTX 3080 V2 OC Edition LHR 10GB GDDR6X;1149.95
MSI GeForce RTX 3060 VENTUS 2X OC 8GB GDDR6;399.9
EVGA GeForce RTX 3070 FTW3 ULTRA GAMING 8GB GDDR6;519.55
Gigabyte AORUS Radeon RX 6700 XT ELITE 12GB GDDR6;635.35
Gigabyte Radeon RX 7900 XTX GAMING OC 24GB GDDR6;1159.9
ASUS TUF Gaming Radeon RX 7800 XT OC Edition 16GB GDDR6;659.0
Gainward GeForce RTX 3080 PHANTOM+ LHR 10GB GDDR6X;831.25
PowerColor Red Devil AMD Radeon RX 6900 XT 16GB GDDR6;592.4
Zotac GeForce GT730 Zone Edition 4GB GDDR3;118.0
MSI GeForce RTX 3090 GAMING X TRIO 24GB GDDR6X;2069.9
Gainward GeForce GT 1030 2GB GDDR4;95.22
ASUS GeForce GT730 2GB GDDR3;61.55
MSI GeForce RTX 4070 Ti VENTUS 2X OC 12GB GDDR6 DLSS3;952.85
Zotac GeForce GT 1030 2GB GDDR5;115.0
Gigabyte AORUS GeForce RTX 3070 Ti MASTER 8GB GDDR6;963.3
Sapphire Nitro+ VAPOR-X AMD Radeon RX 7900 XTX Gaming OC 24GB GDDR6;1319.0
MSI GeForce RTX 3070 SUPRIM X 8GB GDDR6;559.0
Gigabyte GeForce RTX 4090 AORUS XTREME WATERFORCE 24GB GDDR6X DLSS3;2652.27
MSI GeForce RTX 4060 AERO ITX OC 8GB GDDR6 DLSS3;358.4
Gigabyte GeForce GT 710 2GB GDDR5 SL;62.42
Asus ROG Strix AMD Radeon RX 6600 XT OC Edition 8GB GDDR6;709.87
PowerColor AMD Radeon RX 6800XT Red Devil 16GB GDDR6;700.21
Zotac Gaming Geforce RTX 3080 TRINITY AMP HOLO LHR 10GB GDDR6X;1099.0
Gigabyte Radeon RX 5700 XT GAMING OC V2 8GB GDDR6;402.95
HP Nvidia RTX A5000 24GB GDDR6;3311.8
